id_direccion;nombre_dirección;comuna
1097;Av. Vicuña Mackenna 2601;arica
1096;Warren Avenue 213;buin
1095;Front Street North 4989;buin
1094;Grand Avenue 3479;san joaquin
1093;Briarwood Drive 4938;coquimbo
1092;John Street 4343;san joaquin
1091;Atlantic Avenue 673;arica
1090;Fairway Drive 621;la ligua
1089;Warren Avenue 3568;valparaiso
1088;Route 1 3950;arica
1087;Andover Court 4184;valparaiso
1086;Clay Street 2044;buin
1085;Andover Court 4646;valparaiso
1084;Maiden Lane 3379;valparaiso
1083;Woodland Drive 2729;valparaiso
1082;River Street 2176;valparaiso
1081;Highland Drive 1213;valparaiso
1080;Laurel Drive 1156;valparaiso
1079;Av. Providencia 1337;providencia
1078;Andover Court 649;punta arenas
1077;Franklin Court 3640;la serena
1076;Route 1 3510;arica
1075;Monroe Street 1071;valparaiso
1074;Warren Avenue 4898;buin
1073;Francisco Bilbao 084;valparaiso
1072;King Street 4660;santiago
1071;Devon Court 1277;san joaquin
1070;Front Street North 3479;coquimbo
1069;Ann Street 3644;buin
1068;Briarwood Drive 1206;punta arenas
1067;Front Street North 361;valparaiso
1066;Ann Street 2086;arica
1065;Hanover Court 330;buin
1064;Country Club Road 2692;coquimbo
1063;Laurel Lane 782;la ligua
1062;Fairway Drive 3306;valparaiso
1061;River Street 1261;buin
1060;Av. Tobalaba 117;punta arenas
1059;Pleasant Street 1866;buin
1058;Linden Avenue 3864;san joaquin
1057;Pleasant Street 141;la ligua
1056;Linden Avenue 928;punta arenas
1055;Olive Street 3159;arica
1054;Essex Court 565;buin
1053;Route 1 474;buin
1052;Av. Einstein 601;arica
1051;Avda. Americo Vespucio 1775;punta arenas
1050;Main Street 2473;valparaiso
1049;Laurel Drive 4110;la ligua
1048;Linden Avenue 264;buin
1047;Atlantic Avenue 4346;arica
1046;Linden Avenue 2370;santiago
1045;Cedar Lane 4827;valparaiso
1044;White Street 1153;punta arenas
1043;Pleasant Street 3890;punta arenas
1042;King Street 4035;santiago
1041;Willow Avenue 4071;arica
1040;Laurel Drive 2803;providencia
1039;Andover Court 3456;san joaquin
1038;Pleasant Street 807;valparaiso
1037;Route 1 4389;santiago
1036;Country Club Road 1435;la ligua
1035;Franklin Avenue 1555;arica
1034;King Street 2579;santiago
1033;Williams Street 2504;la ligua
1032;Windsor Drive 3637;providencia
1031;Front Street North 1593;arica
1030;Front Street North 2761;providencia
1029;Country Club Road 4802;la ligua
1028;Briarwood Drive 1977;la ligua
1027;Rose Street 924;buin
1026;Essex Court 3042;punta arenas
1025;Warren Avenue 2906;buin
1024;Woodland Drive 4567;santiago
1023;Willow Avenue 2919;buin
1022;Charles Street 4581;la ligua
1021;Willow Avenue 1302;santiago
1020;Andover Court 4130;providencia
1019;Franklin Court 1506;providencia
1018;Williams Street 1075;coquimbo
1017;Orchard Avenue 3645;punta arenas
1016;Av. Macul 6309;arica
1015;Av. Manuel Antonio Matta 1704;valparaiso
1014;Essex Court 3964;providencia
1013;Clay Street 4445;arica
1012;Heather Lane 4899;coquimbo
1011;Front Street North 3262;santiago
1010;Broad Street 3922;la serena
1009;Compañía de Jesús N°1625;santiago
1008;Andover Court 4195;valparaiso
1007;Avda. Laguna Sur 7297;valparaiso
1006;Grand Avenue 3499;punta arenas
1005;Fairway Drive 150;coquimbo
1004;Crescent Street 3591;valparaiso
1003;Route 1 494;coquimbo
1002;Essex Court 1146;providencia
1001;Cedar Avenue 2582;san joaquin
1000;Atlantic Avenue 2974;punta arenas
999;Route 1 2187;valparaiso
998;Main Street 2199;la ligua
997;Rose Street 1877;santiago
996;Heather Lane 2219;arica
995;Fairway Drive 1802;coquimbo
994;Williams Street 3944;arica
993;Heather Lane 4128;la ligua
992;Franklin Avenue 306;providencia
991;Ignacio Carrera Pinto altura 661;punta arenas
990;Willow Avenue 1409;santiago
989;Orchard Avenue 2596;la ligua
988;Maiden Lane 4101;buin
987;Willow Avenue 1175;la serena
986;Windsor Drive 369;la serena
985;Nataniel Cox 2370;providencia
984;Monroe Street 4223;san joaquin
983;King Street 2216;punta arenas
982;Essex Court 1606;coquimbo
981;Willow Avenue 3098;coquimbo
980;Andover Court 3234;santiago
979;Fairway Drive 4602;punta arenas
978;Court Street 3186;punta arenas
977;Charles Street 4122;providencia
976;Summit Avenue 2386;la serena
975;Linden Avenue 3536;coquimbo
974;Front Street North 2918;coquimbo
973;Woodland Drive 2006;san joaquin
972;Highland Drive 1326;santiago
971;Franklin Avenue 4485;valparaiso
970;Cedar Lane 3033;providencia
969;Grand Avenue 4148;arica
968;Front Street North 2203;santiago
967;Route 30 740;san joaquin
966;Monroe Street 3116;valparaiso
965;Clay Street 4224;buin
964;Warren Avenue 4290;buin
963;Rose Street 366;arica
962;Madison Avenue 4442;punta arenas
961;Laurel Drive 1549;valparaiso
960;Highland Drive 528;santiago
959;King Street 4077;punta arenas
958;Williams Street 4489;coquimbo
957;Garfield Avenue 1770;valparaiso
956;Summit Avenue 787;san joaquin
955;Willow Avenue 4552;coquimbo
954;Route 30 2584;san joaquin
953;Laurel Lane 3600;la ligua
952;White Street 2547;santiago
951;Fairway Drive 823;la serena
950;Franklin Court 4082;la ligua
949;Garfield Avenue 2563;punta arenas
948;Summit Avenue 3054;la serena
947;Maiden Lane 2048;arica
946;Rose Street 4095;santiago
945;Court Street 1878;providencia
944;Devon Court 1001;arica
943;Warren Avenue 4844;punta arenas
942;Warren Avenue 4381;punta arenas
941;Ann Street 4048;arica
940;Laurel Lane 213;santiago
939;Willow Avenue 4910;san joaquin
938;Andover Court 1949;la ligua
937;Heather Lane 864;san joaquin
936;Essex Court 2317;la ligua
935;Route 1 4194;providencia
934;Highland Drive 2749;providencia
933;Willow Avenue 3865;punta arenas
932;Orchard Avenue 382;la serena
931;Olive Street 2061;coquimbo
930;Hanover Court 630;punta arenas
929;Laurel Lane 3889;punta arenas
928;Main Street 992;santiago
927;Highland Drive 267;santiago
926;Fairway Drive 4763;arica
925;King Street 652;punta arenas
924;Hanover Court 3982;arica
923;Main Street 4574;valparaiso
922;Williams Street 2537;providencia
921;Broad Street 4962;santiago
920;Essex Court 103;providencia
919;Garfield Avenue 4106;la ligua
918;Grand Avenue 935;la serena
917;Pleasant Street 227;san joaquin
916;Clay Street 3512;la serena
915;Linden Avenue 98;coquimbo
914;Laurel Lane 3419;providencia
913;Clay Street 1685;la serena
912;Fairway Drive 3846;santiago
911;Court Street 2690;arica
910;Woodland Drive 806;arica
909;Arlington Avenue 1723;san joaquin
908;Rose Street 3150;arica
907;Madison Avenue 467;buin
906;Clay Street 2633;punta arenas
905;Franklin Court 158;arica
904;Clay Street 835;punta arenas
903;Summit Avenue 1816;la serena
902;Linden Avenue 3931;santiago
901;Fairway Drive 888;valparaiso
900;Charles Street 981;la ligua
899;Fairway Drive 1668;san joaquin
898;Essex Court 2688;la serena
897;Clay Street 3287;arica
896;Heather Lane 3873;la serena
895;Route 1 3324;la serena
894;Fairway Drive 477;santiago
893;Arlington Avenue 3422;santiago
892;Laurel Lane 2704;san joaquin
891;Atlantic Avenue 2497;arica
890;Madison Avenue 3129;san joaquin
889;Clay Street 4849;arica
888;Front Street North 1661;punta arenas
887;John Street 3104;santiago
886;Highland Drive 1691;coquimbo
885;Charles Street 158;santiago
884;Linden Avenue 4782;coquimbo
883;Pleasant Street 2965;punta arenas
882;Charles Street 3109;coquimbo
881;Grand Avenue 588;valparaiso
880;River Street 3553;providencia
879;Essex Court 922;punta arenas
878;River Street 1280;coquimbo
877;Summit Avenue 2305;valparaiso
876;Main Street 1737;arica
875;Broad Street 4734;la serena
874;Forest Street 2303;arica
873;Woodland Drive 4220;santiago
872;Summit Avenue 3409;buin
871;Willow Avenue 4120;la ligua
870;Laurel Drive 4275;punta arenas
869;Broad Street 4726;punta arenas
868;Front Street North 4654;punta arenas
867;Crescent Street 1459;la serena
866;Cottage Street 1127;santiago
865;Arlington Avenue 648;punta arenas
864;Orchard Avenue 886;la serena
863;White Street 2134;punta arenas
862;Essex Court 2542;santiago
861;Route 30 4341;arica
860;Broad Street 2653;providencia
859;Route 30 3987;santiago
858;Heather Lane 3389;valparaiso
857;Av. Pajaritos 1921;valparaiso
856;River Street 4629;buin
855;Willow Avenue 794;providencia
854;Clay Street 4486;santiago
853;Franklin Court 4846;punta arenas
852;Maiden Lane 1610;punta arenas
851;Forest Street 4314;arica
850;Av. Providencia 1880;valparaiso
849;Willow Avenue 653;coquimbo
848;Olive Street 4254;la ligua
847;Highland Drive 4678;buin
846;Briarwood Drive 4516;la ligua
845;Court Street 2099;valparaiso
844;Orchard Avenue 3018;san joaquin
843;Woodland Drive 2282;la serena
842;Maiden Lane 3659;punta arenas
841;Laurel Drive 1290;buin
840;John Street 2141;coquimbo
839;Pleasant Street 4545;la serena
838;Route 30 1493;coquimbo
837;Front Street North 185;san joaquin
836;Andover Court 4388;la serena
835;Fairway Drive 3619;la ligua
834;Cedar Lane 1937;coquimbo
833;Grand Avenue 2684;arica
832;Franklin Court 3534;la serena
831;Woodland Drive 116;san joaquin
830;Maiden Lane 4448;la serena
829;Devon Court 2686;buin
828;Briarwood Drive 1882;arica
827;King Street 3002;buin
826;Garfield Avenue 2780;la ligua
825;Arlington Avenue 3914;arica
824;Atlantic Avenue 2423;la serena
823;Willow Avenue 1859;coquimbo
822;Monroe Street 4744;arica
821;Olive Street 2740;la serena
820;Windsor Drive 954;santiago
819;Woodland Drive 4124;valparaiso
818;Atlantic Avenue 1980;punta arenas
817;Summit Avenue 2923;la ligua
816;Charles Street 1777;san joaquin
815;Forest Street 4107;la serena
814;Main Street 1892;san joaquin
813;Ann Street 3281;providencia
812;Grand Avenue 50;coquimbo
811;Jefferson Avenue 3085;la ligua
810;Crescent Street 2430;punta arenas
809;Laurel Drive 4610;valparaiso
808;Maiden Lane 4676;coquimbo
807;Crescent Street 2472;san joaquin
806;Highland Drive 4574;la serena
805;Franklin Court 2990;la serena
804;Route 1 3522;providencia
803;Cottage Street 3755;santiago
802;Ann Street 600;arica
801;John Street 3479;la ligua
800;Clay Street 837;buin
799;Charles Street 3906;valparaiso
798;Court Street 782;la serena
797;Heather Lane 844;la ligua
796;Briarwood Drive 3062;arica
795;Woodland Drive 59;buin
794;John Street 2390;valparaiso
793;Madison Avenue 2422;buin
792;Broad Street 3821;buin
791;Willow Avenue 2184;coquimbo
790;Cedar Avenue 3465;providencia
789;Linden Avenue 3998;arica
788;Franklin Court 683;buin
787;Atlantic Avenue 3425;santiago
786;Hanover Court 4193;la ligua
785;Cottage Street 80;punta arenas
784;Cedar Avenue 226;san joaquin
783;Summit Avenue 136;punta arenas
782;Arlington Avenue 876;la ligua
781;Williams Street 317;la serena
780;Route 1 3173;san joaquin
779;Court Street 3427;san joaquin
778;21 de Mayo 543;san joaquin
777;Franklin Avenue 1230;buin
776;Catedral 3336;la serena
775;Ann Street 1441;san joaquin
774;Country Club Road 3172;punta arenas
773;Rose Street 3267;providencia
772;Monroe Street 4209;providencia
771;River Street 902;arica
770;King Street 2163;la ligua
769;Hanover Court 3048;valparaiso
768;Heather Lane 4365;valparaiso
767;Cottage Street 4941;san joaquin
766;Forest Street 4452;valparaiso
765;Route 30 2876;la serena
764;Olive Street 4663;punta arenas
763;Linden Avenue 136;la serena
762;Pleasant Street 2522;arica
761;White Street 343;la serena
760;Olive Street 3114;la ligua
759;Forest Street 2493;santiago
758;Orchard Avenue 1202;la serena
757;Route 30 1523;buin
756;John Street 4986;buin
755;Monroe Street 3881;coquimbo
754;White Street 2344;coquimbo
753;Williams Street 4508;santiago
752;Arlington Avenue 4835;providencia
751;Front Street North 1244;providencia
750;Orchard Avenue 2674;coquimbo
749;Franklin Court 3590;coquimbo
748;Heather Lane 251;santiago
747;Av. Américo Vespucio Frente al 7340;providencia
746;Woodland Drive 3484;la ligua
745;Franklin Avenue 2768;santiago
744;Crescent Street 1818;santiago
743;John Street 2411;la serena
742;Summit Avenue 1949;la ligua
741;Clay Street 4552;arica
740;Main Street 2068;punta arenas
739;Atlantic Avenue 1529;coquimbo
738;Laurel Drive 738;punta arenas
737;Atlantic Avenue 4736;providencia
736;Arlington Avenue 325;la ligua
735;Orchard Avenue 87;providencia
734;Clay Street 895;buin
733;White Street 735;arica
732;Hanover Court 1001;valparaiso
731;Windsor Drive 2400;providencia
730;Andover Court 519;la serena
729;Franklin Avenue 3200;la serena
728;Cottage Street 3751;la ligua
727;Pleasant Street 2789;buin
726;Woodland Drive 3138;providencia
725;Andover Court 1601;buin
724;Briarwood Drive 2036;providencia
723;Devon Court 1747;la serena
722;Linden Avenue 2700;arica
721;Front Street North 4784;arica
720;Ann Street 640;punta arenas
719;King Street 3130;san joaquin
718;Windsor Drive 987;santiago
717;Grand Avenue 2550;arica
716;Clay Street 3713;arica
715;Linden Avenue 2525;coquimbo
714;Court Street 1500;santiago
713;Clay Street 3178;san joaquin
712;Country Club Road 3557;arica
711;Main Street 3605;coquimbo
710;Orchard Avenue 4853;la serena
709;Route 1 2027;buin
708;Orchard Avenue 2077;buin
707;River Street 3581;la serena
706;Woodland Drive 775;buin
705;John Street 1789;buin
704;Laurel Lane 3441;punta arenas
703;Rose Street 4188;la serena
702;Garfield Avenue 4720;punta arenas
701;Maiden Lane 1583;providencia
700;Clay Street 4751;la serena
699;River Street 3781;la serena
698;Willow Avenue 2889;coquimbo
697;Franklin Avenue 4126;buin
696;Grand Avenue 4477;san joaquin
695;Main Street 214;santiago
694;Atlantic Avenue 2163;coquimbo
693;Jefferson Avenue 4153;san joaquin
692;Cedar Lane 904;arica
691;Summit Avenue 4735;la ligua
690;King Street 3020;santiago
689;Willow Avenue 227;la ligua
688;Williams Street 3223;la serena
687;Cottage Street 2304;buin
686;Hanover Court 2200;arica
685;Cottage Street 972;arica
684;Broad Street 3091;arica
683;Madison Avenue 1078;la ligua
682;Ann Street 4310;valparaiso
681;Willow Avenue 421;santiago
680;Warren Avenue 4339;santiago
679;Route 30 2754;buin
678;River Street 4789;valparaiso
677;Heather Lane 490;buin
676;Maiden Lane 441;buin
675;Franklin Avenue 2101;buin
674;Monroe Street 4545;buin
673;River Street 2804;providencia
672;Devon Court 627;arica
671;Court Street 1927;arica
670;Forest Street 657;la serena
669;Country Club Road 4784;coquimbo
668;White Street 3589;buin
667;Jefferson Avenue 96;arica
666;Orchard Avenue 447;arica
665;Pleasant Street 3645;santiago
664;Orchard Avenue 2765;providencia
663;Front Street North 4949;providencia
662;King Street 482;arica
661;Highland Drive 1885;la ligua
660;Ann Street 389;la ligua
659;Grand Avenue 1541;san joaquin
658;Broad Street 787;la ligua
657;Court Street 1293;buin
656;Orchard Avenue 3302;coquimbo
655;Cedar Avenue 1075;santiago
654;Pleasant Street 863;arica
653;Highland Drive 3424;santiago
652;Essex Court 1003;santiago
651;Franklin Avenue 1230;santiago
650;Pleasant Street 665;providencia
649;Franklin Court 1370;la ligua
648;Main Street 2736;providencia
647;Franklin Court 1713;valparaiso
646;Laurel Lane 2040;arica
645;Hanover Court 264;la ligua
644;Route 1 1200;valparaiso
643;Route 30 1184;valparaiso
642;Garfield Avenue 1232;la serena
641;Devon Court 2571;santiago
640;King Street 3451;coquimbo
639;Willow Avenue 1246;punta arenas
638;Country Club Road 890;arica
637;Franklin Court 514;la ligua
636;Atlantic Avenue 4905;buin
635;Jefferson Avenue 1271;coquimbo
634;Route 30 4475;providencia
633;River Street 4089;la ligua
632;Linden Avenue 1131;providencia
631;Franklin Avenue 2144;valparaiso
630;Crescent Street 2796;buin
629;King Street 4861;buin
628;Rose Street 1162;san joaquin
627;Heather Lane 744;coquimbo
626;Crescent Street 1888;arica
625;Franklin Court 4591;la ligua
624;River Street 682;providencia
623;Charles Street 2242;providencia
622;Av. San Pablo 6190;santiago
621;Woodland Drive 3706;la serena
620;Country Club Road 1660;coquimbo
619;Maiden Lane 3734;la ligua
618;Maiden Lane 584;valparaiso
617;Rose Street 3548;santiago
616;Williams Street 661;la serena
615;John Street 2805;arica
614;Cedar Lane 3337;buin
613;Linden Avenue 1294;san joaquin
612;Briarwood Drive 4395;arica
611;Atlantic Avenue 3689;santiago
610;Charles Street 2233;santiago
609;Rose Street 669;valparaiso
608;Hanover Court 4686;santiago
607;Essex Court 332;la ligua
606;River Street 2143;buin
605;Arlington Avenue 2379;arica
604;Broad Street 2166;valparaiso
603;John Street 1113;providencia
602;Monroe Street 3763;la serena
601;Atlantic Avenue 565;la serena
600;John Street 2589;coquimbo
599;Madison Avenue 768;punta arenas
598;Highland Drive 4538;valparaiso
597;Laurel Lane 384;valparaiso
596;Ann Street 4222;la serena
595;Highland Drive 1008;san joaquin
594;Arlington Avenue 4972;arica
593;John Street 835;arica
592;Orchard Avenue 1902;punta arenas
591;Ann Street 589;punta arenas
590;Willow Avenue 2535;la serena
589;Atlantic Avenue 2542;providencia
588;Briarwood Drive 4966;coquimbo
587;Devon Court 267;valparaiso
586;Route 30 3527;punta arenas
585;Laurel Drive 3276;valparaiso
584;Grand Avenue 2077;la serena
583;King Street 1142;la serena
582;White Street 834;providencia
581;Cedar Lane 3237;providencia
580;Andover Court 2023;santiago
579;Maiden Lane 704;valparaiso
578;Franklin Avenue 2321;punta arenas
577;Franklin Court 3064;coquimbo
576;Pleasant Street 4994;punta arenas
575;Court Street 3925;la ligua
574;Ann Street 1662;punta arenas
573;Cottage Street 866;la serena
572;Maiden Lane 2307;valparaiso
571;Hanover Court 4550;santiago
570;Franklin Avenue 3996;san joaquin
569;Hanover Court 2373;la serena
568;Heather Lane 1013;valparaiso
567;Crescent Street 3697;buin
566;Eliodoro Yañez 2987;punta arenas
565;Andover Court 3766;santiago
564;Charles Street 4347;la serena
563;Olive Street 652;buin
562;Cedar Lane 3545;coquimbo
561;Av. Pedro de Valdivia 1664;valparaiso
560;Main Street 2504;buin
559;John Street 1867;punta arenas
558;Hanover Court 978;buin
557;Madison Avenue 230;la serena
556;Williams Street 3024;buin
555;Av. Apoquindo 7095;santiago
554;Av. Recoleta 3202;coquimbo
553;Arlington Avenue 831;la serena
552;Forest Street 4752;coquimbo
551;Summit Avenue 3160;punta arenas
550;Grand Avenue 2551;arica
549;Orchard Avenue 2312;arica
548;Ann Street 2364;arica
547;Catedral 1512;santiago
546;Warren Avenue 4549;la serena
545;King Street 3801;santiago
544;Route 1 4882;la serena
543;Crescent Street 4981;santiago
542;Garfield Avenue 2452;coquimbo
541;Av. Teniente Cruz 800;arica
540;Warren Avenue 2279;arica
539;Cedar Avenue 532;punta arenas
538;Country Club Road 730;coquimbo
537;Grand Avenue 309;la ligua
536;Country Club Road 1654;santiago
535;Devon Court 486;arica
534;Charles Street 4082;la serena
533;John Street 4729;la ligua
532;Laurel Lane 2512;la serena
531;Fairway Drive 4498;punta arenas
530;Av. Carlos Valdovinos 3346;santiago
529;Willow Avenue 4483;arica
528;Laurel Lane 4602;santiago
527;Jefferson Avenue 3467;la ligua
526;Highland Drive 4325;valparaiso
525;Grand Avenue 3033;coquimbo
524;Highland Drive 2965;valparaiso
523;Country Club Road 2062;santiago
522;Broad Street 987;santiago
521;Jefferson Avenue 540;arica
520;Clay Street 134;santiago
519;Garfield Avenue 656;santiago
518;Olive Street 4288;valparaiso
517;Olive Street 2656;santiago
516;Route 30 4375;arica
515;Devon Court 537;valparaiso
514;Clay Street 250;providencia
513;Av. Providencia 011;santiago
512;Atlantic Avenue 4686;santiago
511;Grand Avenue 4640;arica
510;Broad Street 1832;providencia
509;Main Street 1587;buin
508;Windsor Drive 3581;arica
507;Williams Street 4341;valparaiso
506;Franklin Avenue 4858;la ligua
505;Heather Lane 1081;arica
504;Pleasant Street 3468;santiago
503;Highland Drive 4275;la serena
502;Jefferson Avenue 1493;la ligua
501;Gran Avenida José Miguel Carrera 8870;arica
500;Cedar Lane 3035;san joaquin
499;Route 30 2227;buin
498;Main Street 3075;la ligua
497;Av. Vicuña Mackenna 7897;providencia
496;Madison Avenue 4835;coquimbo
495;Route 1 443;providencia
494;Jefferson Avenue 495;santiago
493;Avda. Pajaritos 5090;buin
492;Crescent Street 4274;coquimbo
491;Grand Avenue 4437;la serena
490;Maiden Lane 3658;providencia
489;Front Street North 392;buin
488;Forest Street 384;valparaiso
487;Hanover Court 545;punta arenas
486;Front Street North 2520;san joaquin
485;Williams Street 2863;valparaiso
484;Windsor Drive 2832;punta arenas
483;Laurel Lane 3130;la ligua
482;Essex Court 773;santiago
481;Atlantic Avenue 3909;valparaiso
480;Garfield Avenue 3840;coquimbo
479;Woodland Drive 3918;punta arenas
478;Laurel Drive 3477;buin
477;Maiden Lane 152;la ligua
476;Williams Street 3445;la ligua
475;Arlington Avenue 2908;la serena
474;Briarwood Drive 780;providencia
473;Charles Street 2971;buin
472;King Street 2313;buin
471;Maiden Lane 3377;la ligua
470;Front Street North 2135;coquimbo
469;Linden Avenue 2658;valparaiso
468;Devon Court 3929;valparaiso
467;Route 30 2029;punta arenas
466;Briarwood Drive 1647;valparaiso
465;Devon Court 1840;valparaiso
464;Williams Street 2650;punta arenas
463;Briarwood Drive 2832;santiago
462;Andover Court 2810;providencia
461;Court Street 3062;arica
460;Cedar Lane 315;santiago
459;Windsor Drive 1475;la ligua
458;Front Street North 3947;arica
457;Cottage Street 3812;arica
456;River Street 4882;providencia
455;River Street 3296;arica
454;Franklin Avenue 980;coquimbo
453;Front Street North 3343;punta arenas
452;Forest Street 3040;arica
451;Andover Court 3074;coquimbo
450;River Street 497;valparaiso
449;Willow Avenue 1545;la ligua
448;Rose Street 2406;la ligua
447;Country Club Road 536;san joaquin
446;Charles Street 1043;la serena
445;Ann Street 2635;punta arenas
444;Hanover Court 4199;valparaiso
443;Carlos Dittborn 300;coquimbo
442;Cedar Avenue 202;santiago
441;River Street 2787;valparaiso
440;Av. General Rondizzoni 1650;punta arenas
439;Av. General Bonilla 5900;providencia
438;Highland Drive 3737;coquimbo
437;Williams Street 652;punta arenas
436;Willow Avenue 2640;la serena
435;Cedar Lane 4637;buin
434;Orchard Avenue 4597;la serena
433;Madison Avenue 4799;la serena
432;Ann Street 829;buin
431;Arlington Avenue 109;san joaquin
430;Ann Street 1084;providencia
429;Orchard Avenue 2495;la serena
428;Heather Lane 3233;la serena
427;Garfield Avenue 3781;san joaquin
426;Broad Street 3797;san joaquin
425;Highland Drive 2701;arica
424;White Street 860;buin
423;Forest Street 2220;la ligua
422;Fairway Drive 3306;arica
421;Grand Avenue 1516;coquimbo
420;River Street 1019;coquimbo
419;Essex Court 417;arica
418;Franklin Avenue 1401;arica
417;Av. Irarrazaval 351;buin
416;River Street 3285;providencia
415;Cedar Avenue 85;la serena
414;Orchard Avenue 1593;san joaquin
413;Devon Court 3671;la serena
412;Charles Street 1899;la ligua
411;Andover Court 2409;la serena
410;Atlantic Avenue 1956;la ligua
409;Ann Street 2519;san joaquin
408;Fairway Drive 4281;valparaiso
407;Linden Avenue 4803;coquimbo
406;Jefferson Avenue 3432;valparaiso
405;John Street 4289;la serena
404;Warren Avenue 307;santiago
403;Garfield Avenue 885;coquimbo
402;Country Club Road 4542;coquimbo
401;River Street 746;san joaquin
400;Essex Court 2701;punta arenas
399;Cottage Street 2531;buin
398;General Mackenna 1100;san joaquin
397;Atlantic Avenue 3806;la ligua
396;Andover Court 2773;coquimbo
395;John Street 4672;la ligua
394;Linden Avenue 2662;la serena
393;Cedar Avenue 3394;punta arenas
392;Essex Court 3391;la ligua
391;Grand Avenue 1516;santiago
390;Atlantic Avenue 2932;buin
389;Laurel Drive 660;providencia
388;Francisco Bilbao 3785;la serena
387;Court Street 2044;la ligua
386;Windsor Drive 2846;buin
385;Essex Court 2721;la ligua
384;Cedar Lane 347;la ligua
383;Franklin Avenue 4036;providencia
382;Clay Street 2293;providencia
381;Warren Avenue 146;providencia
380;Andover Court 1355;la serena
379;Charles Street 4929;la serena
378;Franklin Court 1511;la serena
377;River Street 4029;buin
376;Laurel Lane 3861;providencia
375;Andover Court 3651;coquimbo
374;Laurel Drive 3156;providencia
373;Heather Lane 1991;coquimbo
372;Main Street 2485;arica
371;Clay Street 227;arica
370;Country Club Road 4157;buin
369;Grand Avenue 1748;arica
368;White Street 2317;valparaiso
367;River Street 2671;coquimbo
366;Court Street 4965;arica
365;Main Street 4571;coquimbo
364;Court Street 2180;providencia
363;Forest Street 2768;arica
362;Front Street North 1809;santiago
361;Garfield Avenue 2017;la ligua
360;Clay Street 2767;santiago
359;Atlantic Avenue 4489;providencia
358;Front Street North 137;la serena
357;Clay Street 2428;la serena
356;Devon Court 2297;providencia
355;Madison Avenue 70;punta arenas
354;Essex Court 4795;santiago
353;Jefferson Avenue 3341;la serena
352;Devon Court 2680;coquimbo
351;Andover Court 3454;la ligua
350;Rose Street 4896;santiago
349;Heather Lane 2710;valparaiso
348;Devon Court 4768;la ligua
347;Willow Avenue 4570;punta arenas
346;White Street 3799;santiago
345;Broad Street 1655;providencia
344;Briarwood Drive 3263;la serena
343;Jefferson Avenue 3742;valparaiso
342;Cedar Avenue 4441;coquimbo
341;King Street 3741;la ligua
340;Olive Street 4525;providencia
339;White Street 2184;buin
338;Clay Street 576;la serena
337;Pleasant Street 3593;la serena
336;Route 1 4790;coquimbo
335;Hanover Court 4895;arica
334;River Street 2083;la serena
333;Las Bellotas 200;coquimbo
332;Franklin Court 4817;arica
331;Route 1 2935;arica
330;Highland Drive 4637;providencia
329;Main Street 1443;punta arenas
328;Atlantic Avenue 2134;valparaiso
327;Olive Street 2800;punta arenas
326;Madison Avenue 3309;arica
325;Summit Avenue 3228;coquimbo
324;Rose Street 3186;san joaquin
323;Fairway Drive 1177;coquimbo
322;White Street 4278;coquimbo
321;Main Street 2560;valparaiso
320;Linden Avenue 4404;coquimbo
319;Highland Drive 3472;san joaquin
318;Williams Street 2395;santiago
317;Orchard Avenue 3076;punta arenas
316;Orchard Avenue 376;valparaiso
315;Laurel Lane 2762;providencia
314;Cottage Street 2707;santiago
313;River Street 4457;la serena
312;Willow Avenue 483;providencia
311;Maiden Lane 1589;coquimbo
310;Av. Nueva Providencia 2249;punta arenas
309;Route 1 2262;valparaiso
308;Atlantic Avenue 4105;buin
307;Charles Street 1602;la ligua
306;Forest Street 2442;santiago
305;Fairway Drive 4222;santiago
304;Monroe Street 4619;santiago
303;Broad Street 3333;la serena
302;Laurel Lane 4391;san joaquin
301;Orchard Avenue 3603;providencia
300;Woodland Drive 59;la serena
299;Cottage Street 2289;punta arenas
298;Grand Avenue 2112;arica
297;Hanover Court 967;providencia
296;Cottage Street 158;providencia
295;King Street 2448;providencia
294;Country Club Road 4834;valparaiso
293;Franklin Avenue 1160;la serena
292;Olive Street 4150;san joaquin
291;Laurel Drive 149;coquimbo
290;Atlantic Avenue 3142;arica
289;Fairway Drive 3925;la ligua
288;Charles Street 2985;coquimbo
287;Grand Avenue 1962;valparaiso
286;Laurel Drive 2916;san joaquin
285;Crescent Street 822;providencia
284;Warren Avenue 4563;la ligua
283;Front Street North 869;punta arenas
282;Pleasant Street 4409;san joaquin
281;John Street 3146;la serena
280;Ann Street 3226;providencia
279;Country Club Road 3620;santiago
278;John Street 1387;la serena
277;Clay Street 871;la ligua
276;Clay Street 750;la serena
275;Crescent Street 108;la serena
274;Orchard Avenue 229;arica
273;Maiden Lane 4538;arica
272;Summit Avenue 226;valparaiso
271;Briarwood Drive 3577;san joaquin
270;Monroe Street 1078;san joaquin
269;Arlington Avenue 4121;coquimbo
268;Av. Apoquindo 8613;providencia
267;Clay Street 3322;coquimbo
266;Forest Street 230;coquimbo
265;Arlington Avenue 668;providencia
264;Laurel Lane 2035;punta arenas
263;Warren Avenue 295;santiago
262;Laurel Lane 185;valparaiso
261;Av. Ricardo Cumming 502;la serena
260;Cedar Lane 3546;buin
259;Pleasant Street 3100;punta arenas
258;Highland Drive 278;coquimbo
257;White Street 590;arica
256;Woodland Drive 2515;san joaquin
255;Clay Street 4052;arica
254;Highland Drive 4013;coquimbo
253;Main Street 2640;santiago
252;Warren Avenue 1987;buin
251;Madison Avenue 139;la serena
250;Charles Street 3718;arica
249;Essex Court 2441;providencia
248;Highland Drive 3514;san joaquin
247;Country Club Road 1963;arica
246;Laurel Lane 1405;la ligua
245;John Street 2175;la ligua
244;Hanover Court 233;santiago
243;Woodland Drive 1189;valparaiso
242;Olive Street 836;buin
241;Monroe Street 2206;la ligua
240;River Street 737;buin
239;Av. Neptuno Oriente frente al 260;valparaiso
238;Av. Irarrázaval 2461;santiago
237;Summit Avenue 628;arica
236;Route 30 2378;santiago
235;Highland Drive 4991;san joaquin
234;Crescent Street 4239;san joaquin
233;Av. Grecia 2298;punta arenas
232;Cottage Street 4390;valparaiso
231;Jefferson Avenue 4092;la serena
230;River Street 1089;la serena
229;Ann Street 4403;santiago
228;Devon Court 3201;la ligua
227;Cedar Avenue 1037;san joaquin
226;Atlantic Avenue 2281;providencia
225;Willow Avenue 4908;la ligua
224;Crescent Street 3505;la serena
223;Country Club Road 841;san joaquin
222;Highland Drive 2644;santiago
221;Linden Avenue 2619;la ligua
220;Av. Recoleta 1502;la serena
219;John Street 2441;santiago
218;Front Street North 2994;buin
217;Laurel Drive 3282;la serena
216;Court Street 3757;santiago
215;Franklin Avenue 4601;san joaquin
214;Arlington Avenue 2472;punta arenas
213;Court Street 2153;la serena
212;Windsor Drive 527;arica
211;Route 1 2885;coquimbo
210;Placer 1310;buin
209;Essex Court 2503;san joaquin
208;Front Street North 632;arica
207;Clay Street 818;san joaquin
206;Devon Court 3528;santiago
205;Arlington Avenue 4816;punta arenas
204;Franklin Avenue 2649;punta arenas
203;Devon Court 2205;valparaiso
202;White Street 1015;san joaquin
201;Clay Street 1372;buin
200;Gran Avenida José Miguel Carrera 8870;la serena
199;Av. Tobalaba 117;santiago
198;Av. Gral. Bonilla 8220;buin
197;Clay Street 422;arica
196;White Street 2213;la ligua
195;Av. Departamental 1901;providencia
194;Main Street 1289;la serena
193;Ann Street 1799;coquimbo
192;Court Street 632;la ligua
191;Linden Avenue 1271;arica
190;Woodland Drive 3915;buin
189;Grand Avenue 1590;santiago
188;Monroe Street 799;san joaquin
187;Rose Street 405;valparaiso
186;Grand Avenue 2643;san joaquin
185;Charles Street 2796;providencia
184;Highland Drive 886;san joaquin
183;Cedar Lane 561;coquimbo
182;Willow Avenue 4808;arica
181;Monroe Street 1385;santiago
180;Pleasant Street 373;arica
179;White Street 4315;punta arenas
178;Williams Street 968;arica
177;Windsor Drive 1335;la ligua
176;Essex Court 2063;providencia
175;Essex Court 4227;valparaiso
174;John Street 2386;la serena
173;Franklin Court 3949;valparaiso
172;Crescent Street 4607;santiago
171;Woodland Drive 1057;la ligua
170;Main Street 3792;santiago
169;Heather Lane 4463;providencia
168;Main Street 115;arica
167;Crescent Street 1316;buin
166;River Street 3120;la ligua
165;Pleasant Street 336;san joaquin
164;Grand Avenue 934;coquimbo
163;Monroe Street 722;buin
162;River Street 1264;san joaquin
161;Cottage Street 2258;santiago
160;Avda. Concha y Toro 3999;valparaiso
159;Monroe Street 4067;la ligua
158;Atlantic Avenue 1604;valparaiso
157;Summit Avenue 3326;la ligua
156;Olive Street 4029;la serena
155;Broad Street 1315;punta arenas
154;Fairway Drive 2033;santiago
153;Grand Avenue 1522;buin
152;Devon Court 1310;santiago
151;King Street 3890;coquimbo
150;Olive Street 3043;valparaiso
149;Grand Avenue 4767;coquimbo
148;Laurel Drive 3088;arica
147;Ann Street 3244;buin
146;Mosqueto 515;providencia
145;River Street 4818;la serena
144;Monroe Street 837;santiago
143;Arlington Avenue 268;providencia
142;Clay Street 3319;valparaiso
141;Madison Avenue 3001;san joaquin
140;Clay Street 2957;buin
139;Rose Street 2454;la ligua
138;King Street 1025;coquimbo
137;Essex Court 4589;punta arenas
136;Monroe Street 3788;arica
135;Charles Street 3434;san joaquin
134;Andover Court 4045;santiago
133;Heather Lane 2100;providencia
132;Laurel Lane 4090;arica
131;Charles Street 983;la ligua
130;Av. Santa Rosa 2374;providencia
129;Clay Street 2540;buin
128;Windsor Drive 670;coquimbo
127;Cottage Street 3351;la ligua
126;Highland Drive 950;santiago
125;Cedar Lane 71;buin
124;Maiden Lane 1986;coquimbo
123;Woodland Drive 3813;la serena
122;Andover Court 647;la ligua
121;Highland Drive 3387;buin
120;Andover Court 1178;arica
119;Heather Lane 619;providencia
118;Court Street 3348;buin
117;Linden Avenue 2922;buin
116;Av. Libertador Bernardo O`Higgins 1774;la ligua
115;Toesca 1635;la ligua
114;Charles Street 2276;providencia
113;Franklin Court 3459;coquimbo
112;John Street 3064;buin
111;Briarwood Drive 878;valparaiso
110;Charles Street 1972;coquimbo
109;Route 1 3200;coquimbo
108;Warren Avenue 2893;punta arenas
107;John Street 2613;buin
106;Essex Court 1867;santiago
105;Briarwood Drive 3382;punta arenas
104;Broad Street 2529;punta arenas
103;Route 30 1592;buin
102;Williams Street 3510;santiago
101;Forest Street 2952;punta arenas
100;Garfield Avenue 2603;arica
99;Maiden Lane 3721;buin
98;Woodland Drive 1518;san joaquin
97;Broad Street 295;la serena
96;Devon Court 3672;la ligua
95;Arlington Avenue 1366;valparaiso
94;River Street 604;la serena
93;Route 30 245;santiago
92;Woodland Drive 2853;santiago
91;Route 30 67;santiago
90;Route 1 874;arica
89;Highland Drive 4146;providencia
88;Main Street 3682;santiago
87;Route 1 3135;san joaquin
86;Jefferson Avenue 3041;la serena
85;Route 30 4066;santiago
84;Fairway Drive 4660;la ligua
83;Route 30 786;buin
82;Summit Avenue 3284;valparaiso
81;Heather Lane 4358;providencia
80;Woodland Drive 3788;santiago
79;Arlington Avenue 1291;buin
78;Summit Avenue 1846;arica
77;Hanover Court 4370;santiago
76;Charles Street 1832;la serena
75;Madison Avenue 977;coquimbo
74;Windsor Drive 212;punta arenas
73;White Street 3347;coquimbo
72;Grand Avenue 2209;coquimbo
71;Rose Street 4552;providencia
70;Main Street 207;buin
69;Carlos Dittborn 733;la serena
68;John Street 2804;la serena
67;Atlantic Avenue 3657;providencia
66;Cedar Avenue 3816;la ligua
65;Monroe Street 2011;buin
64;Windsor Drive 415;punta arenas
63;Clay Street 3396;arica
62;Grand Avenue 3236;punta arenas
61;Pleasant Street 2089;providencia
60;Hanover Court 2620;valparaiso
59;Olive Street 3470;arica
58;Crescent Street 3474;la serena
57;Broad Street 3096;valparaiso
56;Olive Street 3781;la serena
55;Cedar Avenue 2199;providencia
54;Garfield Avenue 4144;coquimbo
53;Front Street North 2093;valparaiso
52;Warren Avenue 654;arica
51;Ann Street 3299;punta arenas
50;Summit Avenue 1417;buin
49;Av. Santa Rosa 8914;arica
48;Pleasant Street 3809;buin
47;Madison Avenue 4519;punta arenas
46;Av. San Pablo 6190;la serena
45;Country Club Road 4213;santiago
44;River Street 3210;santiago
43;Cottage Street 2598;providencia
42;Warren Avenue 323;buin
41;Maiden Lane 1464;santiago
40;Broad Street 1159;coquimbo
39;Heather Lane 2758;arica
38;Maiden Lane 4811;santiago
37;Cottage Street 2329;providencia
36;Woodland Drive 3560;san joaquin
35;Williams Street 3205;punta arenas
34;Broad Street 1869;providencia
33;Briarwood Drive 3071;arica
32;Orchard Avenue 1304;coquimbo
31;White Street 744;la serena
30;River Street 1195;punta arenas
29;Ann Street 3843;santiago
28;Heather Lane 1747;providencia
27;White Street 1207;san joaquin
26;Windsor Drive 4262;punta arenas
25;Front Street North 3783;santiago
24;Route 30 3391;la serena
23;Broad Street 2167;buin
22;Summit Avenue 2151;providencia
21;Front Street North 1357;la serena
20;Martín de Solier 4598;la ligua
19;Broad Street 4276;punta arenas
18;King Street 1466;santiago
17;Olive Street 75;san joaquin
16;Hanover Court 4980;la ligua
15;Fairway Drive 1345;san joaquin
14;King Street 2468;coquimbo
13;Heather Lane 2561;arica
12;Crescent Street 1425;providencia
11;Laurel Drive 1854;la ligua
10;King Street 2722;la serena
9;King Street 4431;santiago
8;Cedar Lane 2100;providencia
7;Rose Street 801;arica
6;White Street 2449;arica
5;Laurel Lane 3292;valparaiso
4;Hanover Court 3979;buin
3;Essex Court 2913;santiago
2;Grand Avenue 4592;san joaquin
1;Devon Court 3282;valparaiso
0;Arlington Avenue 4373;buin
